ADD;Addis Ababa;ET;9.020000457763672;38.75
CHI;Chicago;US;41.849998474121094;-87.6500015258789
SAO;Sao Paulo;BR;-23.549999237060547;-46.63999938964844
LON;London;GB;51.5099983215332;-0.12999999523162842
JNB;Johannesburg;ZA;-26.200000762939453;28.049999237060547
BJS;Beijing;CN;39.900001525878906;116.41000366210938
AKL;Auckland;NZ;-36.849998474121094;174.8000030517578
ATH;Athens;GR;37.97999954223633;23.729999542236328
BCN;Barcelona;ES;41.38999938964844;2.1700000762939453
BKK;Bangkok;TH;13.729999542236328;100.5199966430664
BOG;Bogota;CO;4.599999904632568;-74.08000183105469
BOM;Mumbai;IN;19.09000015258789;72.8499984741211
BRU;Brussels;BE;50.849998474121094;4.349999904632568
BSB;Brasilia;BR;-15.779999732971191;-47.91999816894531
CAI;Cairo;EG;30.040000915527344;31.239999771118164
CCU;Kolkata;IN;22.56999969482422;88.36000061035156
DEL;Delhi;IN;28.639999389648438;77.22000122070312
FRA;Frankfurt;DE;50.11000061035156;8.6899995803833
HOU;Houston;US;29.760000228881836;-95.37000274658203
IST;Istanbul;TR;40.97999954223633;28.979999542236328
LIS;Lisbon;PT;38.72999954223633;-9.130000114440918
LJU;Ljubljana;SI;46.060001373291016;14.510000228881836
MAA;Chennai;IN;13.050000190734863;80.25
PHX;Phoenix;US;33.439998626708984;-112.06999969482422
PTY;Panama City;PA;8.989999771118164;-79.5199966430664
SEL;Seoul;KR;37.54999923706055;126.9800033569336
SIN;Singapore;SG;1.2799999713897705;103.8499984741211
STO;Stockholm;SE;59.33000183105469;18.059999465942383
SZX;Shenzhen;CN;22.56999969482422;114.05999755859375
TPE;Taipei;TW;25.06999969482422;121.54000091552734
TYO;Tokyo;JP;35.65999984741211;139.69000244140625
VIE;Vienna;AT;48.209999084472656;16.3700008392334
WAW;Warsaw;PL;52.22999954223633;21.010000228881836
YTO;Toronto;CA;43.68000030517578;-79.37999725341797
ZAG;Zagreb;HR;45.810001373291016;15.979999542236328
ZRH;Zurich;CH;47.369998931884766;8.550000190734863
NYC;New York;US;40.70000076293945;-74.01000213623047
LAX;Los Angeles;US;34.04999923706055;-118.23999786376953
SYD;Sydney;AU;-34.02000045776367;151.0800018310547
AAL;Aalborg;DK;57.04999923706055;9.920000076293945
AAR;Aarhus;DK;56.15999984741211;10.199999809265137
ABE;Allentown;US;40.61000061035156;-75.48999786376953
ABJ;Abidjan;CI;5.340000152587891;-4.03000020980835
ABK;Kebri Dehar;ET;6.730000019073486;44.27000045776367
ABQ;Albuquerque;US;35.11000061035156;-106.61000061035156
ABS;Abu Simbel;EG;22.3700008392334;31.6200008392334
ABV;Abuja;NG;9.069999694824219;7.480000019073486
ABZ;Aberdeen;GB;57.150001525878906;-2.0899999141693115
ACA;Acapulco;MX;16.860000610351562;-99.87999725341797
ACC;Accra;GH;5.599999904632568;-0.17000000178813934
ACE;Lanzarote;ES;29.049999237060547;-13.59000015258789
ACK;Nantucket;US;41.2599983215332;-70.05999755859375
ACV;Arcata/Eureka;US;40.869998931884766;-124.11000061035156
ADA;Adana;TR;36.97999954223633;35.279998779296875
ADF;Adiyaman;TR;37.75;38.27000045776367
ADL;Adelaide;AU;-34.95000076293945;138.60000610351562
ADZ;San Andres Island;CO;12.579999923706055;-81.69999694824219
AER;Sochi;RU;43.59000015258789;39.720001220703125
AES;Aalesund;NO;62.470001220703125;6.150000095367432
AEX;Alexandria;US;31.329999923706055;-92.44999694824219
AGH;Angelholm/Helsingborg;SE;56.15999984741211;12.8100004196167
AGP;Malaga;ES;36.72999954223633;-4.420000076293945
AGR;Agra;IN;27.15999984741211;77.95999908447266
AGU;Aguascalientes;MX;21.8799991607666;-102.31999969482422
AHB;Abha;SA;18.229999542236328;42.5099983215332
AJA;Ajaccio;FR;41.91999816894531;8.739999771118164
AJI;Agri;TR;39.720001220703125;43.02000045776367
AJL;Aizawl;IN;23.75;92.75
AJU;Aracaju;BR;-10.90999984741211;-37.04999923706055
AKJ;Asahikawa;JP;43.77000045776367;142.36000061035156
AKU;Aksu;CN;41.16999816894531;80.26000213623047
ALA;Almaty;KZ;43.2599983215332;76.91000366210938
ALB;Albany;US;42.650001525878906;-73.76000213623047
ALC;Alicante;ES;38.279998779296875;-0.5699999928474426
ALF;Alta;NO;69.9800033569336;23.270000457763672
ALG;Algiers;DZ;36.75;3.0399999618530273
ALY;Alexandria;EG;31.200000762939453;29.899999618530273
AMA;Amarillo;US;35.22999954223633;-101.83000183105469
AMD;Ahmedabad;IN;23.06999969482422;72.56999969482422
AMH;Arba Minch;ET;6.039999961853027;37.58000183105469
AMM;Amman;JO;31.959999084472656;35.95000076293945
AMS;Amsterdam;NL;52.369998931884766;4.900000095367432
ANC;Anchorage;US;61.220001220703125;-149.89999389648438
ANK;Ankara;TR;39.91999816894531;32.83000183105469
ANU;Antigua;AG;17.110000610351562;-61.81999969482422
AOI;Ancona;IT;43.619998931884766;13.520000457763672
AOJ;Aomori;JP;40.81999969482422;140.75
AOK;Karpathos;GR;35.58000183105469;27.149999618530273
APW;Apia;WS;-13.829999923706055;-171.75
AQP;Arequipa;PE;-16.399999618530273;-71.55000305175781
ASB;Ashgabat;TM;37.97999954223633;58.36000061035156
ASE;Aspen;US;39.220001220703125;-106.81999969482422
ASM;Asmara;ER;15.289999961853027;38.90999984741211
ASO;Asosa;ET;10.050000190734863;34.540000915527344
ASR;Kayseri;TR;38.70000076293945;35.5099983215332
ASU;Asuncion;PY;-25.239999771118164;-57.63999938964844
ASW;Aswan;EG;24.09000015258789;32.900001525878906
ATL;Atlanta;US;33.75;-84.43000030517578
ATQ;Amritsar;IN;31.6299991607666;74.87000274658203
ATW;Appleton;US;44.2599983215332;-88.41999816894531
ATZ;Asyut;EG;27.18000030517578;31.190000534057617
AUA;Aruba;AW;12.5;-70.01000213623047
AUH;Abu Dhabi;AE;24.43000030517578;54.369998931884766
AUS;Austin;US;30.270000457763672;-97.73999786376953
AUW;Wausau;US;44.959999084472656;-89.62999725341797
AVL;Asheville/Hendersonville;US;35.599998474121094;-82.54000091552734
AVP;Wilkes-Barre/Scranton;US;41.25;-75.87999725341797
AWA;Awasa;ET;7.059999942779541;38.4900016784668
AWZ;Ahwaz;IR;31.34000015258789;48.68000030517578
AXM;Armenia;CO;4.53000020980835;-75.69999694824219
AXT;Akita;JP;39.720001220703125;140.10000610351562
AXU;Axum;ET;14.119999885559082;38.720001220703125
AYT;Antalya;TR;36.90999984741211;30.709999084472656
AZO;Kalamazoo/Battle Creek;US;42.290000915527344;-85.55000305175781
AZS;Samana;DO;19.209999084472656;-69.33000183105469
BAH;Bahrain;BH;26.06999969482422;50.560001373291016
BAK;Baku;AZ;40.43000030517578;49.869998931884766
BAL;Batman;TR;37.91999816894531;41.13999938964844
BAQ;Barranquilla;CO;10.960000038146973;-74.77999877929688
BAV;Baotou;CN;40.66999816894531;109.83999633789062
BBI;Bhubaneshwar;IN;20.299999237060547;85.81999969482422
BDA;Bermuda;BM;32.310001373291016;-64.75
BDQ;Vadodara;IN;22.329999923706055;73.22000122070312
BDS;Brindisi;IT;40.65999984741211;17.950000762939453
BEG;Belgrade;RS;44.81999969482422;20.459999084472656
BEL;Belem;BR;-1.4500000476837158;-48.47999954223633
BER;Berlin;DE;52.5099983215332;13.399999618530273
BES;Brest;FR;48.38999938964844;-4.489999771118164
BEY;Beirut;LB;33.88999938964844;35.4900016784668
BFL;Bakersfield;US;35.369998931884766;-119.05000305175781
BGA;Bucaramanga;CO;7.110000133514404;-73.12999725341797
BGG;Bingol;TR;38.86000061035156;40.5
BGI;Bridgetown;BB;13.069999694824219;-59.61000061035156
BGO;Bergen;NO;60.38999938964844;5.320000171661377
BGR;Bangor;US;44.810001373291016;-68.77999877929688
BGW;Baghdad;IQ;33.33000183105469;44.41999816894531
BHE;Blenheim;NZ;-41.52000045776367;173.9600067138672
BHM;Birmingham;US;33.560001373291016;-86.80000305175781
BHO;Bhopal;IN;23.280000686645508;77.41000366210938
BHX;Birmingham;GB;52.52000045776367;-1.840000033378601
BHY;Beihai;CN;21.479999542236328;109.08000183105469
BHZ;Belo Horizonte;BR;-19.920000076293945;-43.939998626708984
BIA;Bastia;FR;42.70000076293945;9.489999771118164
BIL;Billings;US;45.810001373291016;-108.54000091552734
BIM;Bimini;BS;25.700000762939453;-79.27999877929688
BIO;Bilbao;ES;43.29999923706055;-2.9200000762939453
BIQ;Biarritz;FR;43.470001220703125;-1.5199999809265137
BIS;Bismarck;US;46.79999923706055;-100.77999877929688
BJL;Banjul;GM;13.449999809265137;-16.579999923706055
BJM;Bujumbura;BI;-3.380000114440918;29.3700008392334
BJR;Bahar Dar;ET;11.59000015258789;37.380001068115234
BJX;Leon/Guanajuato;MX;21.0;-102.4800033569336
BKO;Bamako;ML;12.630000114440918;-8.029999732971191
BLL;Billund;DK;55.7400016784668;9.149999618530273
BLQ;Bologna;IT;44.529998779296875;11.289999961853027
BLR;Bengaluru;IN;12.970000267028809;77.58999633789062
BLZ;Blantyre;MW;-15.789999961853027;34.970001220703125
BNA;Nashville;US;36.130001068115234;-86.77999877929688
BNE;Brisbane;AU;-27.469999313354492;153.02000427246094
BOD;Bordeaux;FR;44.83000183105469;-0.5799999833106995
BOI;Boise;US;43.619998931884766;-116.2300033569336
BON;Bonaire;BQ;12.130000114440918;-68.2699966430664
BOO;Bodo;NO;67.2699966430664;14.369999885559082
BOS;Boston;US;42.369998931884766;-71.05999755859375
BPX;Qamdo/Changdu;CN;30.559999465942383;97.11000061035156
BQN;Aguadilla;PR;18.43000030517578;-67.12999725341797
BRE;Bremen;DE;53.04999923706055;8.789999961853027
BRI;Bari;IT;41.13999938964844;16.8700008392334
BRO;Brownsville;US;25.90999984741211;-97.5
BRS;Bristol;GB;51.45000076293945;-2.5899999141693115
BSR;Basrah;IQ;30.5;47.790000915527344
BTR;Baton Rouge;US;30.459999084472656;-91.1500015258789
BTV;Burlington;US;44.47999954223633;-73.20999908447266
BUD;Budapest;HU;47.5;19.040000915527344
BUE;Buenos Aires;AR;-34.599998474121094;-58.380001068115234
BUF;Buffalo;US;42.88999938964844;-78.87999725341797
BUH;Bucharest;RO;44.43000030517578;26.100000381469727
BUR;Burbank;US;34.20000076293945;-118.30999755859375
BUS;Batumi;GE;41.61000061035156;41.599998474121094
BVC;Boa Vista Island;CV;16.139999389648438;-22.829999923706055
BWI;Baltimore;US;39.290000915527344;-76.61000061035156
BWK;Brac;HR;43.279998779296875;16.68000030517578
BWN;Bandar Seri Begawan;BN;4.929999828338623;114.93000030517578
BXN;Bodrum;TR;37.040000915527344;27.43000030517578
BZE;Belize City;BZ;17.540000915527344;-88.19000244140625
BZG;Bydgoszcz;PL;53.099998474121094;17.979999542236328
BZN;Bozeman;US;45.68000030517578;-111.05000305175781
BZV;Brazzaville;CG;-4.25;15.25
CAE;Columbia;US;34.0;-81.02999877929688
CAG;Cagliari;IT;39.25;9.119999885559082
CAK;Akron/Canton;US;40.90999984741211;-81.44000244140625
CAN;Guangzhou;CN;23.1299991607666;113.2699966430664
CAS;Casablanca;MA;33.560001373291016;-7.579999923706055
CBR;Canberra;AU;-35.310001373291016;149.1300048828125
CCC;Cayo Coco;CU;22.510000228881836;-78.41000366210938
CCJ;Kozhikode;IN;11.260000228881836;75.77999877929688
CCS;Caracas;VE;10.489999771118164;-66.9000015258789
CEB;Cebu;PH;10.329999923706055;123.91000366210938
CFU;Kerkyra;GR;39.599998474121094;19.829999923706055
CGB;Cuiaba;BR;-15.600000381469727;-56.119998931884766
CGN;Cologne/Bonn;DE;50.93000030517578;6.949999809265137
CGO;Zhengzhou;CN;34.75;113.6500015258789
CGQ;Changchun;CN;43.81999969482422;125.31999969482422
CGR;Campo Grande;BR;-20.459999084472656;-54.66999816894531
CHA;Chattanooga;US;35.040000915527344;-85.30999755859375
CHC;Christchurch;NZ;-43.529998779296875;172.63999938964844
CHG;Chaoyang;CN;41.56999969482422;120.44999694824219
CHO;Charlottesville;US;38.029998779296875;-78.44999694824219
CHQ;Chania;GR;35.529998779296875;24.020000457763672
CHS;Charleston;US;32.779998779296875;-79.93000030517578
CID;Cedar Rapids;US;41.97999954223633;-91.70999908447266
CIF;Chifeng;CN;42.279998779296875;118.93000030517578
CIH;Changzhi;CN;36.18000030517578;113.12999725341797
CIX;Chiclayo;PE;-6.789999961853027;-79.83000183105469
CIY;Comiso;IT;36.9900016784668;14.609999656677246
CJB;Coimbatore;IN;11.029999732971191;76.95999908447266
CJJ;Cheongju;KR;36.63999938964844;127.51000213623047
CJU;Jeju;KR;33.5099983215332;126.5
CKG;Chongqing;CN;29.559999465942383;106.55000305175781
CKY;Conakry;GN;9.579999923706055;-13.680000305175781
CKZ;Canakkale;TR;40.130001068115234;26.399999618530273
CLE;Cleveland;US;41.5;-81.69999694824219
CLJ;Cluj;RO;46.779998779296875;23.600000381469727
CLL;College Station;US;30.59000015258789;-96.36000061035156
CLO;Cali;CO;3.4200000762939453;-76.5199966430664
CLT;Charlotte;US;35.220001220703125;-80.83999633789062
CLY;Calvi;FR;42.529998779296875;8.789999961853027
CMB;Colombo;LK;6.920000076293945;79.87000274658203
CME;Ciudad Del Carmen;MX;18.649999618530273;-91.80000305175781
CMH;Columbus;US;39.959999084472656;-83.0
CMI;Champaign/Urbana;US;40.119998931884766;-88.27999877929688
CMX;Hancock;US;47.16999816894531;-88.58000183105469
CND;Constanta;RO;44.02000045776367;28.639999389648438
CNS;Cairns;AU;-16.8799991607666;145.75
CNX;Chiang Mai;TH;18.770000457763672;98.97000122070312
COD;Cody;US;44.52000045776367;-109.02999877929688
COK;Kochi;IN;9.9399995803833;76.2699966430664
COO;Cotonou;BJ;6.349999904632568;2.390000104904175
COR;Cordoba;AR;-31.399999618530273;-64.19999694824219
COS;Colorado Springs;US;38.810001373291016;-104.81999969482422
COU;Columbia;US;38.95000076293945;-92.33000183105469
CPH;Copenhagen;DK;55.68000030517578;12.569999694824219
CPR;Casper;US;42.90999984741211;-106.30999755859375
CPT;Cape Town;ZA;-33.959999084472656;18.420000076293945
CRK;Angeles/Mabalacat;PH;15.1899995803833;120.55999755859375
CRP;Corpus Christi;US;27.770000457763672;-97.4000015258789
CRW;Charleston;US;38.369998931884766;-81.58999633789062
CSX;Changsha;CN;28.190000534057617;112.94000244140625
CTA;Catania;IT;37.5099983215332;15.100000381469727
CTG;Cartagena;CO;10.449999809265137;-75.51000213623047
CTU;Chengdu;CN;30.56999969482422;104.06999969482422
CUC;Cucuta;CO;7.929999828338623;-72.51000213623047
CUN;Cancun;MX;21.15999984741211;-86.87000274658203
CUR;Curacao;CW;12.1899995803833;-68.95999908447266
CUU;Chihuahua;MX;28.649999618530273;-106.08999633789062
CUZ;Cusco;PE;-13.529999732971191;-71.95999908447266
CVG;Cincinnati;US;39.099998474121094;-84.51000213623047
CWB;Curitiba;BR;-25.43000030517578;-49.27000045776367
CZL;Constantine;DZ;36.369998931884766;6.610000133514404
CZM;Cozumel;MX;20.420000076293945;-86.93000030517578
CZX;Changzhou;CN;31.809999465942383;119.97000122070312
DAC;Dhaka;BD;23.709999084472656;90.38999938964844
DAD;Da Nang;VN;16.040000915527344;108.19999694824219
DAR;Dar Es Salaam;TZ;-6.820000171661377;39.27000045776367
DAT;Datong;CN;40.08000183105469;113.30000305175781
DAV;David;PA;8.380000114440918;-82.43000030517578
DAX;Dazhou;CN;31.219999313354492;107.5
DAY;Dayton;US;39.7599983215332;-84.19000244140625
DBV;Dubrovnik;HR;42.650001525878906;18.09000015258789
DCY;Daocheng;CN;29.31999969482422;100.05999755859375
DDG;Dandong;CN;40.0;124.3499984741211
DEB;Debrecen;HU;47.54999923706055;21.6299991607666
DEM;Dembi Dolo;ET;8.569999694824219;34.880001068115234
DEN;Denver;US;39.7400016784668;-104.9800033569336
DFW;Dallas;US;32.779998779296875;-96.80000305175781
DIB;Dibrugarh;IN;27.479999542236328;94.91000366210938
DIK;Dickinson;US;46.880001068115234;-102.79000091552734
DIR;Dire Dawa;ET;9.619999885559082;41.849998474121094
DIY;Diyarbakir;TR;37.900001525878906;40.20000076293945
DKR;Dakar;SN;14.739999771118164;-17.3700008392334
DLA;Douala;CM;4.010000228881836;9.710000038146973
DLC;Dalian;CN;38.90999984741211;121.61000061035156
DLH;Duluth;US;46.790000915527344;-92.0999984741211
DLM;Dalaman;TR;36.720001220703125;28.780000686645508
DLU;Dali;CN;25.610000610351562;100.2699966430664
DMM;Dammam;SA;26.389999389648438;49.97999954223633
DMU;Dimapur;IN;25.8799991607666;93.7699966430664
DNH;Dunhuang;CN;40.13999938964844;94.68000030517578
DNK;Dnipropetrovsk;UA;48.45000076293945;35.04999923706055
DNZ;Denizli;TR;37.790000915527344;29.09000015258789
DOH;Doha;QA;25.260000228881836;51.56999969482422
DOL;Deauville;FR;49.36000061035156;0.07999999821186066
DOY;Dongying;CN;37.43000030517578;118.66999816894531
DPS;Denpasar-Bali;ID;-8.65999984741211;115.22000122070312
DQA;Daqing;CN;46.59000015258789;125.13999938964844
DRK;Drake Bay;CR;8.6899995803833;-83.66999816894531
DRO;Durango;US;37.279998779296875;-107.87999725341797
DRS;Dresden;DE;51.04999923706055;13.770000457763672
DSE;Dessie;ET;11.079999923706055;39.720001220703125
DSM;Des Moines;US;41.599998474121094;-93.61000061035156
DSN;Ordos;CN;39.61000061035156;109.77999877929688
DTT;Detroit;US;42.33000183105469;-83.0199966430664
DUB;Dublin;IE;53.349998474121094;-6.25
DUD;Dunedin;NZ;-45.880001068115234;170.5
DUR;Durban;ZA;-29.860000610351562;31.030000686645508
DUS;Duesseldorf;DE;51.22999954223633;6.769999980926514
DVL;Devils Lake;US;48.11000061035156;-98.91000366210938
DXB;Dubai;AE;25.25;55.36000061035156
DYG;Zhangjiajie;CN;29.1299991607666;110.4800033569336
DYU;Dushanbe;TJ;38.540000915527344;68.81999969482422
EAP;Basel/Mulhouse;CH;47.59000015258789;7.53000020980835
EAU;Eau Claire;US;44.810001373291016;-91.48999786376953
EBB;Entebbe;UG;0.03999999910593033;32.439998626708984
EBL;Erbil;IQ;36.189998626708984;43.970001220703125
ECI;Rivas;NI;11.430000305175781;-86.02999877929688
ECN;Ercan;CY;35.15999984741211;33.4900016784668
ECP;Panama City,FL;US;30.15999984741211;-85.68000030517578
EDI;Edinburgh;GB;55.95000076293945;-3.2100000381469727
EDO;Edremit;TR;39.58000183105469;27.030000686645508
EFL;Kefallinia;GR;38.18000030517578;20.56999969482422
EGE;Vail/Eagle;US;39.63999938964844;-106.37000274658203
EJA;Barrancabermeja;CO;7.070000171661377;-73.8499984741211
EJQ;Shiyan;CN;32.61000061035156;110.77999877929688
ELH;North Eleuthera;BS;25.469999313354492;-76.69000244140625
ELP;El Paso;US;31.799999237060547;-106.5
ELQ;Gassim;SA;25.829999923706055;42.86000061035156
ELS;East London;ZA;-32.97999954223633;27.81999969482422
ENU;Enugu;NG;6.480000019073486;7.510000228881836
ERC;Erzincan;TR;39.709999084472656;39.52000045776367
ERI;Erie;US;42.130001068115234;-80.08999633789062
ERZ;Erzurum;TR;39.900001525878906;41.27000045776367
ETZ;Metz/Nancy;FR;48.97999954223633;6.25
EUG;Eugene;US;44.04999923706055;-123.08999633789062
EVE;Harstad-Narvik;NO;68.5;16.68000030517578
EVN;Yerevan;AM;40.150001525878906;44.52000045776367
EVV;Evansville;US;37.970001220703125;-87.52999877929688
EYP;Yopal;CO;5.349999904632568;-72.37999725341797
EYW;Key West;US;24.559999465942383;-81.76000213623047
EZS;Elazig;TR;38.68000030517578;39.22999954223633
FAE;Faroe Islands;FO;61.88999938964844;-6.909999847412109
FAI;Fairbanks;US;64.80999755859375;-147.72000122070312
FAO;Faro;PT;37.0099983215332;-7.96999979019165
FAR;Fargo;US;46.91999816894531;-96.80999755859375
FAT;Fresno;US;36.77000045776367;-119.7699966430664
FAY;Fayetteville;US;35.04999923706055;-78.87999725341797
FBM;Lubumbashi;CD;-11.65999984741211;27.479999542236328
FCA;Kalispell;US;48.20000076293945;-114.31999969482422
FDF;Fort-de-France;MQ;14.59000015258789;-61.06999969482422
FDH;Friedrichshafen;DE;47.66999816894531;9.510000228881836
FIH;Kinshasa;CD;-4.329999923706055;15.3100004196167
FKB;Karlsruhe/Baden-Baden;DE;48.779998779296875;8.079999923706055
FKS;Fukushima;JP;37.7599983215332;140.42999267578125
FLA;Florencia;CO;1.75;-75.55999755859375
FLL;Fort Lauderdale;US;26.1200008392334;-80.1500015258789
FLN;Florianopolis;BR;-27.600000381469727;-48.54999923706055
FLR;Florence;IT;43.810001373291016;11.199999809265137
FMO;Muenster/Osnabrueck;DE;52.130001068115234;7.679999828338623
FMY;Fort Myers;US;26.639999389648438;-81.87000274658203
FNA;Freetown;SL;8.479999542236328;-13.199999809265137
FNC;Madeira;PT;32.7599983215332;-16.959999084472656
FNJ;Pyongyang;KP;39.029998779296875;125.75
FNT;Flint;US;43.0099983215332;-83.69000244140625
FOC;Fuzhou;CN;26.100000381469727;119.27999877929688
FON;Fortuna;CR;10.670000076293945;-85.19999694824219
FOR;Fortaleza;BR;-3.7200000286102295;-38.529998779296875
FPO;Freeport;BS;26.559999465942383;-78.69999694824219
FRS;Flores;GT;16.920000076293945;-89.87999725341797
FRU;Bishkek;KG;42.83000183105469;74.56999969482422
FSC;Figari;FR;41.5;9.100000381469727
FSD;Sioux Falls;US;43.58000183105469;-96.73999786376953
FSZ;Shizuoka;JP;34.97999954223633;138.3800048828125
FUE;Fuerteventura;ES;28.399999618530273;-14.010000228881836
FUG;Fuyang;CN;32.869998931884766;115.80999755859375
FUJ;Fukue;JP;32.66999816894531;128.75
FUK;Fukuoka;JP;33.58000183105469;130.39999389648438
FWA;Fort Wayne;US;41.08000183105469;-85.13999938964844
FYJ;Fuyuan;CN;48.20000076293945;134.36000061035156
FYV;Fayetteville/Springdale;US;36.060001373291016;-94.16999816894531
GAU;Guwahati;IN;26.100000381469727;91.73999786376953
GAY;Gaya;IN;24.75;84.94999694824219
GBE;Gaborone;BW;-24.649999618530273;25.920000076293945
GCC;Gillette;US;44.290000915527344;-105.52999877929688
GCM;Grand Cayman;KY;19.290000915527344;-81.23999786376953
GDE;Gode;ET;5.949999809265137;43.56999969482422
GDL;Guadalajara;MX;20.670000076293945;-103.30999755859375
GDN;Gdansk;PL;54.369998931884766;18.649999618530273
GDQ;Gonder;ET;12.600000381469727;37.45000076293945
GEG;Spokane;US;47.619998931884766;-117.43000030517578
GEO;Georgetown;GY;6.800000190734863;-58.150001525878906
GGT;George Town;BS;23.469999313354492;-75.77999877929688
GHB;Governor's Harbour;BS;25.200000762939453;-76.23999786376953
GIS;Gisborne;NZ;-38.65999984741211;177.97000122070312
GJT;Grand Junction;US;39.060001373291016;-108.51000213623047
GLA;Glasgow;GB;55.869998931884766;-4.25
GLF;Golfito;CR;8.649999618530273;-83.18000030517578
GMB;Gambela;ET;8.279999732971191;34.58000183105469
GND;Grenada;GD;12.149999618530273;-61.68000030517578
GOA;Genoa;IT;44.40999984741211;8.949999809265137
GOI;Goa;IN;15.300000190734863;74.12000274658203
GOM;Goma;CD;-1.6699999570846558;29.239999771118164
GOT;Gothenburg;SE;57.66999816894531;11.970000267028809
GPA;Patrai;GR;38.25;21.729999542236328
GPS;Baltra Island;EC;-0.4300000071525574;-90.27999877929688
GPT;Gulfport/Biloxi;US;30.40999984741211;-89.06999969482422
GRB;Green Bay;US;44.4900016784668;-88.0199966430664
GRQ;Groningen;NL;53.220001220703125;6.579999923706055
GRR;Grand Rapids;US;42.959999084472656;-85.66999816894531
GRZ;Graz;AT;47.06999969482422;15.4399995803833
GSO;Greensboro/High Point;US;36.09000015258789;-79.94000244140625
GSP;Greenville/Spartanburg;US;34.849998474121094;-82.37999725341797
GTF;Great Falls;US;47.4900016784668;-111.27999877929688
GUA;Guatemala City;GT;14.579999923706055;-90.52999877929688
GUC;Gunnison;US;38.529998779296875;-106.94000244140625
GUM;Guam;GU;13.479999542236328;144.7899932861328
GVA;Geneva;CH;46.2400016784668;6.110000133514404
GWT;Westerland;DE;54.91999816894531;8.34000015258789
GYE;Guayaquil;EC;-2.1500000953674316;-79.87999725341797
GYN;Goiania;BR;-16.690000534057617;-49.2599983215332
GYS;Guangyuan;CN;32.38999938964844;105.83999633789062
GZP;Gazipasa;TR;36.279998779296875;32.33000183105469
GZT;Gaziantep;TR;37.06999969482422;37.380001068115234
HAC;Hachijojima;JP;33.11000061035156;139.7899932861328
HAJ;Hannover;DE;52.380001068115234;9.729999542236328
HAK;Haikou;CN;20.030000686645508;110.3499984741211
HAM;Hamburg;DE;53.54999923706055;9.989999771118164
HAN;Hanoi;VN;21.040000915527344;105.88999938964844
HAR;Harrisburg;US;40.27000045776367;-76.8499984741211
HAU;Haugesund;NO;59.40999984741211;5.28000020980835
HAV;Havana;CU;23.1200008392334;-82.41000366210938
HDF;Heringsdorf;DE;53.959999084472656;14.15999984741211
HDN;Hayden;US;40.47999954223633;-107.22000122070312
HEL;Helsinki;FI;60.16999816894531;24.969999313354492
HER;Irakleion;GR;35.20000076293945;25.06999969482422
HET;Hohhot;CN;40.849998474121094;111.75
HFD;Hartford;US;41.72999954223633;-72.6500015258789
HFE;Hefei;CN;31.81999969482422;117.2300033569336
HGA;Hargeisa;SO;9.520000457763672;44.09000015258789
HGH;Hangzhou;CN;30.270000457763672;120.16000366210938
HIA;Huai'an;CN;33.61000061035156;119.0199966430664
HIJ;Hiroshima;JP;34.36000061035156;132.4199981689453
HIN;Jinju;KR;35.18000030517578;128.0800018310547
HJR;Khajuraho;IN;24.81999969482422;79.91999816894531
HKD;Hakodate;JP;41.77000045776367;140.72999572753906
HKG;Hong Kong;HK;22.399999618530273;114.11000061035156
HKK;Hokitika;NZ;-42.720001220703125;170.99000549316406
HKT;Phuket;TH;7.980000019073486;98.36000061035156
HLD;Hailar;CN;49.20000076293945;119.69999694824219
HLH;Ulanhot;CN;46.029998779296875;122.08999633789062
HLN;Helena;US;46.61000061035156;-112.02999877929688
HLZ;Hamilton;NZ;-37.790000915527344;175.27999877929688
HMB;Sohag;EG;26.559999465942383;31.700000762939453
HMI;Hami;CN;42.81999969482422;93.51000213623047
HNL;Honolulu;US;21.329999923706055;-157.86000061035156
HOB;Hobbs;US;32.689998626708984;-103.13999938964844
HOG;Holguin;CU;20.889999389648438;-76.26000213623047
HPN;White Plains;US;41.119998931884766;-73.79000091552734
HRB;Harbin;CN;45.79999923706055;126.54000091552734
HRE;Harare;ZW;-17.829999923706055;31.049999237060547
HRG;Hurghada;EG;27.260000228881836;33.810001373291016
HRK;Kharkiv;UA;49.9900016784668;36.22999954223633
HRL;Harlingen;US;26.229999542236328;-97.69999694824219
HSG;Saga;JP;33.25;130.3000030517578
HSN;Zhoushan;CN;29.989999771118164;122.20999908447266
HSV;Huntsville;US;34.72999954223633;-86.58999633789062
HTN;Hotan;CN;37.11000061035156;79.91999816894531
HTY;Hatay;TR;36.20000076293945;36.15999984741211
HUE;Humera;ET;14.25;36.58000183105469
HUX;Huatulco;MX;15.829999923706055;-96.31999969482422
HUZ;Huizhou;CN;23.079999923706055;114.37000274658203
HYD;Hyderabad;IN;17.389999389648438;78.48999786376953
HYN;Taizhou;CN;32.459999084472656;119.91999816894531
HYS;Hays;US;38.849998474121094;-99.33000183105469
IAS;Iasi;RO;47.18000030517578;27.600000381469727
IBE;Ibague;CO;4.429999828338623;-75.23999786376953
IBZ;Ibiza;ES;38.869998931884766;1.4299999475479126
ICT;Wichita;US;37.650001525878906;-97.33999633789062
IDA;Idaho Falls;US;43.52000045776367;-112.05999755859375
IDR;Indore;IN;22.719999313354492;75.86000061035156
IEG;Zielona Gora;PL;51.93000030517578;15.520000457763672
IEV;Kiev;UA;50.45000076293945;30.520000457763672
IFN;Esfahan;IR;32.650001525878906;51.68000030517578
IGD;Igdir;TR;39.91999816894531;44.06999969482422
IGU;Foz do Iguacu;BR;-25.549999237060547;-54.59000015258789
IKI;Iki;JP;33.75;129.7899932861328
ILE;Killeen/Fort Hood;US;31.09000015258789;-97.69000244140625
IMF;Imphal;IN;24.770000457763672;93.9000015258789
INC;Yinchuan;CN;38.4900016784668;106.2300033569336
IND;Indianapolis;US;39.72999954223633;-86.16000366210938
INI;Nis;RS;43.33000183105469;21.850000381469727
INN;Innsbruck;AT;47.2599983215332;11.399999618530273
IOS;Ilheus;BR;-14.8100004196167;-39.029998779296875
IQT;Iquitos;PE;-3.75;-73.25
ISB;Islamabad;PK;33.720001220703125;73.05999755859375
ISE;Isparta;TR;37.7599983215332;30.559999465942383
ISG;Ishigaki;JP;24.34000015258789;124.16000366210938
ISN;Williston;US;48.18000030517578;-103.63999938964844
ISU;Sulaymaniyah;IQ;35.560001373291016;45.43000030517578
ITH;Ithaca;US;42.439998626708984;-76.5
ITO;Hilo;US;19.719999313354492;-155.05999755859375
IUE;Niue Island;NU;-19.030000686645508;-169.8699951171875
IVC;Invercargill;NZ;-46.40999984741211;168.32000732421875
IVL;Ivalo;FI;68.66000366210938;27.540000915527344
IWJ;Masuda;JP;34.66999816894531;131.7899932861328
IWK;Iwakuni;JP;34.13999938964844;132.24000549316406
IXA;Agartala;IN;23.829999923706055;91.29000091552734
IXB;Bagdogra;IN;26.68000030517578;88.33000183105469
IXC;Chandigarh;IN;30.729999542236328;76.79000091552734
IXE;Mangalore;IN;12.960000038146973;74.88999938964844
IXJ;Jammu;IN;32.689998626708984;74.83999633789062
IXL;Leh;IN;34.16999816894531;77.58000183105469
IXM;Madurai;IN;9.930000305175781;78.08999633789062
IXR;Ranchi;IN;23.309999465942383;85.31999969482422
IXS;Silchar;IN;24.81999969482422;92.79000091552734
IXU;Aurangabad;IN;19.860000610351562;75.33999633789062
IXZ;Port Blair;IN;11.649999618530273;92.73999786376953
IZM;Izmir;TR;38.41999816894531;27.15999984741211
JAC;Jackson;US;43.47999954223633;-110.73999786376953
JAI;Jaipur;IN;26.90999984741211;75.80999755859375
JAN;Jackson;US;32.310001373291016;-90.18000030517578
JAX;Jacksonville;US;30.329999923706055;-81.69000244140625
JDH;Jodhpur;IN;26.260000228881836;73.05000305175781
JDO;Juazeiro Do Norte;BR;-7.199999809265137;-39.31999969482422
JDZ;Jingdezhen;CN;29.270000457763672;117.18000030517578
JED;Jeddah;SA;21.540000915527344;39.150001525878906
JER;Jersey;JE;49.209999084472656;-2.130000114440918
JGA;Jamnagar;IN;22.459999084472656;70.01000213623047
JGS;Ji'an;CN;27.110000610351562;114.98999786376953
JIB;Djibouti;DJ;11.550000190734863;43.15999984741211
JIJ;Jijiga;ET;9.369999885559082;42.77000045776367
JIM;Jimma;ET;7.650000095367432;36.81999969482422
JJN;Quanzhou;CN;24.8799991607666;118.68000030517578
JKT;Jakarta;ID;-6.210000038146973;106.8499984741211
JMK;Mykonos;GR;37.439998626708984;25.34000015258789
JMS;Jamestown;US;46.93000030517578;-98.68000030517578
JMU;Jiamusi;CN;46.83000183105469;130.35000610351562
JPA;Joao Pessoa;BR;-7.150000095367432;-34.86000061035156
JRO;Kilimanjaro;TZ;-3.069999933242798;37.349998474121094
JSI;Skiathos;GR;39.18000030517578;23.440000534057617
JTR;Thira;GR;36.400001525878906;25.479999542236328
JUB;Juba;SS;4.869999885559082;31.600000381469727
JUH;Chizhou;CN;30.739999771118164;117.69000244140625
JUL;Juliaca;PE;-15.460000038146973;-70.1500015258789
JUZ;Quzhou;CN;28.969999313354492;118.83000183105469
JZH;Jiuzhaigou;CN;33.2599983215332;103.91999816894531
KAD;Kaduna;NG;10.050000190734863;7.440000057220459
KAN;Kano;NG;12.050000190734863;8.520000457763672
KBL;Kabul;AF;34.560001373291016;69.20999908447266
KBV;Krabi;TH;8.09000015258789;98.91000366210938
KCM;Kahramanmaras;TR;37.59000015258789;36.95000076293945
KCO;Kocaeli;TR;40.75;29.829999923706055
KCZ;Kochi;JP;33.540000915527344;133.52999877929688
KFS;Kastamonu;TR;41.38999938964844;33.790000915527344
KGD;Kaliningrad;RU;54.720001220703125;20.5
KGL;Kigali;RW;-1.9700000286102295;30.059999465942383
KGS;Kos;GR;36.790000915527344;27.100000381469727
KHE;Kherson;UA;46.68000030517578;32.630001068115234
KHG;Kashi;CN;39.47999954223633;76.02999877929688
KHH;Kaohsiung;TW;23.010000228881836;120.66999816894531
KHI;Karachi;PK;24.90999984741211;67.02999877929688
KHN;Nanchang;CN;28.68000030517578;115.87999725341797
KHV;Khabarovsk;RU;48.52000045776367;135.10000610351562
KIJ;Niigata;JP;37.95000076293945;139.0399932861328
KIN;Kingston;JM;17.950000762939453;-76.79000091552734
KIV;Chisinau;MD;47.029998779296875;28.84000015258789
KKE;Kerikeri;NZ;-35.220001220703125;173.9499969482422
KKJ;Kitakyushu;JP;33.880001068115234;130.8800048828125
KKN;Kirkenes;NO;69.72000122070312;30.049999237060547
KLR;Kalmar;SE;56.68000030517578;16.360000610351562
KLU;Klagenfurt;AT;46.63999938964844;14.34000015258789
KLX;Kalamata;GR;37.06999969482422;22.110000610351562
KMG;Kunming;CN;24.8799991607666;102.83000183105469
KMI;Miyazaki;JP;31.8700008392334;131.44000244140625
KMJ;Kumamoto;JP;32.83000183105469;130.7100067138672
KMQ;Komatsu;JP;36.38999938964844;136.4199981689453
KOA;Kona;US;19.639999389648438;-156.0
KOJ;Kagoshima;JP;31.600000381469727;130.55999755859375
KOW;Ganzhou;CN;25.829999923706055;114.91999816894531
KRK;Krakow;PL;50.08000183105469;19.940000534057617
KRL;Korla;CN;41.72999954223633;86.1500015258789
KRN;Kiruna;SE;67.81999969482422;20.229999542236328
KRR;Krasnodar;RU;45.06999969482422;38.91999816894531
KRS;Kristiansand;NO;58.150001525878906;8.0
KRT;Khartoum;SD;15.600000381469727;32.560001373291016
KRY;Karamay;CN;45.619998931884766;84.87999725341797
KSA;Kosrae;FM;5.349999904632568;162.97999572753906
KSC;Kosice;SK;48.720001220703125;21.25
KSF;Kassel;DE;51.310001373291016;9.479999542236328
KSU;Kristiansund;NO;63.11000061035156;7.730000019073486
KSY;Kars;TR;40.619998931884766;43.09000015258789
KTM;Kathmandu;NP;27.700000762939453;85.36000061035156
KTT;Kittila;FI;67.66999816894531;24.899999618530273
KTW;Katowice;PL;50.2599983215332;19.020000457763672
KUF;Samara;RU;53.22999954223633;50.150001525878906
KUH;Kushiro;JP;42.97999954223633;144.3800048828125
KUL;Kuala Lumpur;MY;3.140000104904175;101.69000244140625
KUN;Kaunas;LT;54.900001525878906;23.920000076293945
KVD;Ganja;AZ;40.68000030517578;46.36000061035156
KWA;Kwajalein Island;MH;9.1899995803833;167.4199981689453
KWE;Guiyang;CN;26.649999618530273;106.62999725341797
KWI;Kuwait;KW;29.3700008392334;47.97999954223633
KWJ;Gwangju;KR;35.119998931884766;126.80999755859375
KWL;Guilin;CN;25.270000457763672;110.31999969482422
KYA;Konya;TR;37.869998931884766;32.47999954223633
KZN;Kazan;RU;55.779998779296875;49.11000061035156
KZR;Kutahya;TR;39.41999816894531;29.969999313354492
LAD;Luanda;AO;-8.850000381469727;13.239999771118164
LAN;Lansing;US;42.72999954223633;-84.58999633789062
LAR;Laramie;US;41.310001373291016;-105.58999633789062
LAS;Las Vegas;US;36.08000183105469;-115.1500015258789
LBB;Lubbock;US;33.58000183105469;-101.81999969482422
LBV;Libreville;GA;-0.38999998569488525;9.449999809265137
LCA;Larnaca;CY;34.880001068115234;33.630001068115234
LCG;A Coruna;ES;43.369998931884766;-8.4399995803833
LCH;Lake Charles;US;30.229999542236328;-93.2300033569336
LCJ;Lodz;PL;51.75;19.450000762939453
LED;St Petersburg;RU;59.93000030517578;30.299999237060547
LEJ;Leipzig/Halle;DE;51.41999816894531;12.229999542236328
LET;Leticia;CO;-4.199999809265137;-69.94000244140625
LEX;Lexington;US;38.040000915527344;-84.5
LFQ;Linfen;CN;36.130001068115234;111.63999938964844
LFT;Lafayette;US;30.200000762939453;-91.98999786376953
LFW;Lome;TG;6.159999847412109;1.25
LHE;Lahore;PK;31.520000457763672;74.33999633789062
LHW;Lanzhou;CN;36.029998779296875;103.87000274658203
LIH;Lihue;US;22.100000381469727;-159.52999877929688
LIL;Lille;FR;50.619998931884766;3.069999933242798
LIM;Lima;PE;-12.029999732971191;-77.05999755859375
LIO;Limon;CR;9.960000038146973;-83.0199966430664
LIR;Liberia;CR;10.050000190734863;-85.44000244140625
LIT;Little Rock;US;34.72999954223633;-92.29000091552734
LJG;Lijiang;CN;26.860000610351562;100.25
LKO;Lucknow;IN;26.850000381469727;80.94999694824219
LLA;Lulea;SE;65.54000091552734;22.1299991607666
LLI;Lalibela;ET;12.020000457763672;39.06999969482422
LLW;Lilongwe;MW;-13.979999542236328;33.779998779296875
LNK;Lincoln;US;40.849998474121094;-96.68000030517578
LNZ;Linz;AT;48.310001373291016;14.289999961853027
LOS;Lagos;NG;6.440000057220459;3.4200000762939453
LPA;Gran Canaria;ES;27.920000076293945;-15.550000190734863
LPB;La Paz;BO;-16.510000228881836;-68.1500015258789
LPF;Liupanshui;CN;26.610000610351562;104.9800033569336
LRD;Laredo;US;27.540000915527344;-99.51000213623047
LRM;La Romana;DO;18.420000076293945;-68.97000122070312
LUG;Lugano;CH;46.02000045776367;8.970000267028809
LUN;Lusaka;ZM;-15.40999984741211;28.290000915527344
LUX;Luxembourg;LU;49.630001068115234;6.130000114440918
LUZ;Lublin;PL;51.25;22.579999923706055
LVI;Livingstone;ZM;-17.81999969482422;25.81999969482422
LWO;Lviv;UA;49.81999969482422;24.030000686645508
LXA;Lhasa/Lasa;CN;29.670000076293945;91.1500015258789
LXR;Luxor;EG;25.670000076293945;32.63999938964844
LYI;Linyi;CN;35.06999969482422;118.37000274658203
LYR;Longyearbyen;NO;78.20999908447266;15.649999618530273
LYS;Lyon;FR;45.72999954223633;4.840000152587891
LZH;Liuzhou;CN;24.3700008392334;109.41999816894531
LZO;Luzhou;CN;28.8799991607666;105.44000244140625
LZY;Nyingchi/Linzhi;CN;29.6200008392334;94.38999938964844
MAD;Madrid;ES;40.470001220703125;-3.690000057220459
MAF;Midland;US;32.0;-102.08000183105469
MAH;Menorca;ES;39.95000076293945;4.110000133514404
MAJ;Majuro;MH;7.059999942779541;171.3800048828125
MAN;Manchester;GB;53.5;-2.2799999713897705
MAO;Manaus;BR;-3.119999885559082;-60.02000045776367
MAR;Maracaibo;VE;10.649999618530273;-71.63999938964844
MBA;Mombasa;KE;-4.03000020980835;39.66999816894531
MBE;Monbetsu;JP;44.36000061035156;143.3800048828125
MBJ;Montego Bay;JM;18.5;-77.91000366210938
MBS;Saginaw/Midland/Bay City;US;43.41999816894531;-83.94999694824219
MCT;Muscat;OM;23.59000015258789;58.540000915527344
MCY;Sunshine Coast;AU;-26.65999984741211;153.08999633789062
MCZ;Maceio;BR;-9.670000076293945;-35.7400016784668
MDE;Medellin;CO;6.21999979019165;-75.58999633789062
MDG;Mudanjiang;CN;44.58000183105469;129.60000610351562
MEC;Manta;EC;-0.949999988079071;-80.68000030517578
MED;Madinah;SA;24.459999084472656;39.619998931884766
MEL;Melbourne;AU;-37.810001373291016;144.97000122070312
MEM;Memphis;US;35.150001525878906;-90.05000305175781
MEX;Mexico City;MX;19.420000076293945;-99.16999816894531
MFE;McAllen/Mission;US;26.18000030517578;-98.23999786376953
MFM;Macau;MO;22.229999542236328;113.58000183105469
MFR;Medford;US;42.33000183105469;-122.87000274658203
MGA;Managua;NI;12.140000343322754;-86.25
MGQ;Mogadishu;SO;2.009999990463257;45.310001373291016
MHD;Mashhad;IR;36.29999923706055;59.63999938964844
MHH;Marsh Harbour;BS;26.510000228881836;-77.08000183105469
MHT;Manchester;US;43.0;-71.44000244140625
MIA;Miami;US;25.790000915527344;-80.2300033569336
MID;Merida;MX;20.93000030517578;-89.6500015258789
MIG;Mianyang;CN;31.43000030517578;104.68000030517578
MIL;Milan;IT;45.470001220703125;9.199999809265137
MKC;Kansas City;US;39.119998931884766;-94.58999633789062
MKE;Milwaukee;US;43.040000915527344;-87.9000015258789
MKG;Muskegon;US;43.22999954223633;-86.23999786376953
MLA;Malta;MT;35.939998626708984;14.380000114440918
MLE;Male;MV;4.199999809265137;73.5199966430664
MLI;Moline;US;41.5099983215332;-90.5
MLM;Morelia;MX;19.709999084472656;-101.19000244140625
MLU;Monroe;US;32.5099983215332;-92.12000274658203
MLW;Monrovia;LR;6.289999961853027;-10.760000228881836
MLX;Malatya;TR;38.349998474121094;38.310001373291016
MMA;Malmo;SE;55.599998474121094;13.0
MMB;Memanbetsu;JP;43.900001525878906;144.1699981689453
MMY;Miyako;JP;24.780000686645508;125.30000305175781
MNL;Manila;PH;14.600000381469727;121.0199966430664
MOB;Mobile;US;30.690000534057617;-88.04000091552734
MOL;Molde;NO;62.75;7.159999847412109
MOT;Minot;US;48.2599983215332;-101.27999877929688
MOW;Moscow;RU;55.7599983215332;37.619998931884766
MPL;Montpellier;FR;43.58000183105469;3.880000114440918
MPM;Maputo;MZ;-25.920000076293945;32.56999969482422
MQM;Mardin;TR;37.31999969482422;40.720001220703125
MQX;Mekele;ET;13.470000267028809;39.470001220703125
MRS;Marseille;FR;43.29999923706055;5.369999885559082
MRU;Mauritius;MU;-20.350000381469727;57.54999923706055
MRY;Monterey/Carmel;US;36.59000015258789;-121.88999938964844
MSN;Madison;US;43.08000183105469;-89.37000274658203
MSO;Missoula;US;46.86000061035156;-114.0199966430664
MSP;Minneapolis/Saint Paul;US;44.97999954223633;-93.2699966430664
MSQ;Minsk;BY;53.869998931884766;27.549999237060547
MSR;Mus;TR;38.72999954223633;41.5099983215332
MSY;New Orleans;US;29.989999771118164;-90.06999969482422
MTJ;Montrose;US;38.5;-107.88999938964844
MTR;Monteria;CO;8.75;-75.87999725341797
MTY;Monterrey;MX;25.670000076293945;-100.30999755859375
MUC;Munich;DE;48.13999938964844;11.579999923706055
MVD;Montevideo;UY;-34.880001068115234;-56.18000030517578
MWX;Muan;KR;34.9900016784668;126.4800033569336
MYJ;Matsuyama;JP;33.81999969482422;132.77000427246094
MYR;Myrtle Beach;US;33.68000030517578;-78.93000030517578
MZH;Amasya;TR;40.650001525878906;35.84000015258789
MZL;Manizales;CO;5.090000152587891;-75.5199966430664
MZR;Mazar-e Sharif;AF;36.70000076293945;67.12000274658203
NAG;Nagpur;IN;21.149999618530273;79.05000305175781
NAJ;Nakchivan;AZ;39.189998626708984;45.459999084472656
NAN;Nadi;FJ;-17.75;177.4499969482422
NAP;Naples;IT;40.880001068115234;14.279999732971191
NAS;Nassau;BS;25.040000915527344;-77.33999633789062
NAT;Natal;BR;-5.789999961853027;-35.2400016784668
NAV;Nevsehir;TR;38.630001068115234;34.720001220703125
NBO;Nairobi;KE;-1.3200000524520874;36.81999969482422
NCE;Nice;FR;43.65999984741211;7.21999979019165
NCL;Newcastle;GB;54.97999954223633;-1.6200000047683716
NDG;Qiqihar;CN;47.31999969482422;123.91999816894531
NDJ;N'Djamena;TD;12.140000343322754;15.039999961853027
NGB;Ningbo;CN;29.8700008392334;121.5199966430664
NGO;Nagoya;JP;35.18000030517578;136.92999267578125
NGS;Nagasaki;JP;32.75;129.9199981689453
NHA;Nha Trang;VN;12.229999542236328;109.19000244140625
NIM;Niamey;NE;13.479999542236328;2.109999895095825
NJF;Al Najaf;IQ;31.989999771118164;44.33000183105469
NKC;Nouakchott;MR;18.06999969482422;-15.960000038146973
NKG;Nanjing;CN;32.060001373291016;118.80999755859375
NKT;Sirnak;TR;37.36000061035156;42.08000183105469
NLA;Ndola;ZM;-13.0;28.65999984741211
NLK;Norfolk Island;NF;-29.040000915527344;167.94000244140625
NNG;Nanning;CN;22.81999969482422;108.37000274658203
NOB;Nosara;CR;9.800000190734863;-85.52999877929688
NOP;Sinop;TR;42.02000045776367;35.150001525878906
NOU;Noumea;NC;-22.280000686645508;166.4600067138672
NPE;Napier/Hastings;NZ;-39.470001220703125;176.8699951171875
NPL;New Plymouth;NZ;-39.060001373291016;174.0800018310547
NSN;Nelson;NZ;-41.29999923706055;173.27999877929688
NTE;Nantes;FR;47.220001220703125;-1.5499999523162842
NTG;Nantong;CN;31.979999542236328;120.88999938964844
NTQ;Wajima;JP;37.38999938964844;136.89999389648438
NUE;Nuremberg;DE;49.45000076293945;11.079999923706055
NVA;Neiva;CO;2.950000047683716;-75.30000305175781
NVT;Navegantes;BR;-26.8700008392334;-48.630001068115234
NZH;Manzhouli;CN;49.56999969482422;117.3499984741211
OAX;Oaxaca;MX;17.059999465942383;-96.7300033569336
OBO;Obihiro;JP;42.88999938964844;143.16000366210938
OCC;Coca;EC;-0.4699999988079071;-76.93000030517578
ODS;Odesa;UA;46.47999954223633;30.68000030517578
OGG;Kahului;US;20.899999618530273;-156.42999267578125
OGU;Ordu/Giresun;TR;40.970001220703125;38.06999969482422
OIT;Oita;JP;33.2400016784668;131.61000061035156
OKA;Okinawa;JP;26.200000762939453;127.6500015258789
OKC;Oklahoma City;US;35.470001220703125;-97.5199966430664
OKJ;Okayama;JP;34.65999984741211;133.94000244140625
OLB;Olbia;IT;40.91999816894531;9.5
OMA;Omaha;US;41.25;-96.0
ONJ;Odate/Noshiro;JP;40.189998626708984;140.3800048828125
ONT;Ontario;US;34.060001373291016;-117.61000061035156
OOL;Gold Coast;AU;-28.020000457763672;153.42999267578125
OPO;Porto;PT;41.16999816894531;-8.670000076293945
ORB;Orebro;SE;59.279998779296875;15.220000267028809
ORF;Norfolk;US;36.849998474121094;-76.29000091552734
ORK;Cork;IE;51.900001525878906;-8.489999771118164
ORL;Orlando;US;28.540000915527344;-81.37999725341797
ORN;Oran;DZ;35.70000076293945;-0.6100000143051147
OSA;Osaka;JP;34.689998626708984;135.5
OSD;Ostersund;SE;63.20000076293945;14.640000343322754
OSI;Osijek;HR;45.54999923706055;18.68000030517578
OSL;Oslo;NO;59.90999984741211;10.75
OTH;North Bend;US;47.5;-121.79000091552734
OUA;Ouagadougou;BF;12.350000381469727;-1.5099999904632568
OVD;Asturias;ES;43.38999938964844;-5.800000190734863
OXB;Bissau;GW;11.890000343322754;-15.600000381469727
OZH;Zaporizhzhia;UA;47.869998931884766;35.13999938964844
PAD;Paderborn/Lippstadt;DE;51.61000061035156;8.619999885559082
PAH;Paducah;US;37.060001373291016;-88.5999984741211
PAP;Port-au-Prince;HT;18.559999465942383;-72.33000183105469
PAR;Paris;FR;48.86000061035156;2.3499999046325684
PAT;Patna;IN;25.59000015258789;85.13999938964844
PBC;Puebla;MX;19.040000915527344;-98.20999908447266
PBI;West Palm Beach;US;26.68000030517578;-80.08999633789062
PDL;Ponta Delgada (Azores);PT;37.75;-25.68000030517578
PDX;Portland;US;45.52000045776367;-122.68000030517578
PEI;Pereira;CO;4.820000171661377;-75.73999786376953
PEM;Puerto Maldonado;PE;-12.579999923706055;-69.2300033569336
PER;Perth;AU;-31.93000030517578;115.86000061035156
PHC;Port Harcourt;NG;4.78000020980835;7.010000228881836
PHL;Philadelphia;US;39.95000076293945;-75.16000366210938
PIA;Peoria;US;40.65999984741211;-89.58999633789062
PIT;Pittsburgh;US;40.439998626708984;-80.0
PIU;Piura;PE;-5.199999809265137;-80.61000061035156
PJM;Puerto Jimenez;CR;8.579999923706055;-83.33000183105469
PLQ;Klaipeda/Palanga;LT;55.95000076293945;21.079999923706055
PLS;Providenciales;TC;21.770000457763672;-72.2699966430664
PLZ;Port Elizabeth;ZA;-33.93000030517578;25.56999969482422
PMI;Palma De Mallorca;ES;39.54999923706055;2.7300000190734863
PMO;Palermo;IT;38.119998931884766;13.359999656677246
PMR;Palmerston North;NZ;-40.31999969482422;175.6199951171875
PMZ;Palmar Sur;CR;9.869999885559082;-84.45999908447266
PNH;Phnom Penh;KH;11.550000190734863;104.91999816894531
PNI;Pohnpei;FM;6.849999904632568;158.24000549316406
PNQ;Pune;IN;18.520000457763672;73.86000061035156
PNR;Pointe-Noire;CG;-4.809999942779541;11.890000343322754
PNS;Pensacola;US;30.420000076293945;-87.19000244140625
PNZ;Petrolina;BR;-9.390000343322754;-40.4900016784668
POA;Porto Alegre;BR;-29.989999771118164;-51.16999816894531
POP;Puerto Plata;DO;19.799999237060547;-70.66999816894531
POS;Port of Spain;TT;10.069999694824219;-61.52000045776367
POZ;Poznan;PL;52.41999816894531;16.8799991607666
PPN;Popayan;CO;2.450000047683716;-76.61000061035156
PPQ;Paraparaumu;NZ;-40.900001525878906;174.97999572753906
PPT;Tahiti;PF;-17.68000030517578;-149.41000366210938
PRG;Prague;CZ;50.099998474121094;14.4399995803833
PRN;Pristina;RS;42.619998931884766;21.190000534057617
PSA;Pisa;IT;43.68000030517578;10.390000343322754
PSC;Pasco;US;46.2599983215332;-119.11000061035156
PSO;Pasto;CO;1.2100000381469727;-77.25
PSP;Palm Springs;US;33.83000183105469;-116.51000213623047
PTP;Pointe A Pitre;GP;16.270000457763672;-61.529998779296875
PUJ;Punta Cana;DO;18.56999969482422;-68.37999725341797
PUS;Busan;KR;35.16999816894531;129.0800018310547
PUY;Pula;HR;44.88999938964844;13.850000381469727
PVD;Providence;US;41.81999969482422;-71.43000030517578
PVK;Preveza/Lefkada;GR;38.93000030517578;20.770000457763672
PVR;Puerto Vallarta;MX;20.6200008392334;-105.2699966430664
PWM;Portland;US;43.63999938964844;-70.26000213623047
PXO;Porto Santo;PT;33.06999969482422;-16.350000381469727
PZI;Panzhihua;CN;26.579999923706055;101.72000122070312
QRO;Queretaro;MX;20.600000381469727;-100.37999725341797
RAI;Praia;CV;14.9399995803833;-23.479999542236328
RAJ;Rajkot;IN;22.309999465942383;70.77999877929688
RAK;Marrakech;MA;31.610000610351562;-8.039999961853027
RAP;Rapid City;US;44.040000915527344;-103.2300033569336
RAR;Rarotonga Island;CK;-21.200000762939453;-159.8000030517578
RCH;Riohacha;CO;11.529999732971191;-72.91999816894531
RDD;Redding;US;40.59000015258789;-122.38999938964844
RDM;Redmond/Bend;US;44.27000045776367;-121.18000030517578
RDU;Raleigh/Durham;US;35.880001068115234;-78.77999877929688
REC;Recife;BR;-8.050000190734863;-34.91999816894531
REK;Reykjavik;IS;64.12999725341797;-21.940000534057617
RGN;Yangon;MM;16.799999237060547;96.13999938964844
RHO;Rhodes;GR;36.15999984741211;27.969999313354492
RIC;Richmond;US;37.5099983215332;-77.44000244140625
RIO;Rio de Janeiro;BR;-22.8700008392334;-43.209999084472656
RIS;Rishiri;JP;45.18000030517578;141.25
RIX;Riga;LV;56.91999816894531;24.110000610351562
RJK;Rijeka;HR;45.33000183105469;14.4399995803833
RKS;Rock Springs;US;41.599998474121094;-109.19999694824219
RLK;Bayannur;CN;40.7400016784668;107.38999938964844
RMF;Marsa Alam;EG;25.06999969482422;34.900001525878906
RMQ;Taichung;TW;24.229999542236328;120.94000244140625
RNB;Ronneby;SE;56.2599983215332;15.260000228881836
RNO;Reno;US;39.5;-119.80999755859375
ROA;Roanoke;US;37.27000045776367;-79.9800033569336
ROC;Rochester;US;43.119998931884766;-77.61000061035156
ROM;Rome;IT;41.88999938964844;12.479999542236328
ROP;Rota;MP;14.170000076293945;145.25
ROR;Koror;PW;7.360000133514404;134.47999572753906
ROS;Rosario;AR;-32.93000030517578;-60.66999816894531
ROT;Rotorua;NZ;-38.11000061035156;176.25
ROV;Rostov;RU;47.25;39.75
RPR;Raipur;IN;21.25;81.62999725341797
RST;Rochester;US;44.02000045776367;-92.5
RSU;Yeosu/Suncheon;KR;34.7400016784668;127.7300033569336
RTB;Roatan;HN;16.3799991607666;-86.4000015258789
RUH;Riyadh;SA;24.709999084472656;46.70000076293945
RZE;Rzeszow;PL;50.040000915527344;22.020000457763672
SAC;Sacramento;US;38.58000183105469;-121.48999786376953
SAF;Santa Fe;US;35.689998626708984;-105.94000244140625
SAL;San Salvador;SV;13.6899995803833;-89.19999694824219
SAN;San Diego;US;32.72999954223633;-117.19000244140625
SAP;San Pedro Sula;HN;15.5;-88.02999877929688
SAT;San Antonio;US;29.420000076293945;-98.47000122070312
SAV;Savannah;US;32.08000183105469;-81.0999984741211
SBA;Santa Barbara;US;34.43000030517578;-119.69999694824219
SBN;South Bend;US;41.70000076293945;-86.25
SBP;San Luis Obispo;US;35.2400016784668;-120.63999938964844
SBZ;Sibiu;RO;45.779998779296875;24.139999389648438
SCE;State College;US;40.77000045776367;-77.87999725341797
SCL;Santiago;CL;-33.470001220703125;-70.63999938964844
SCN;Saarbruecken;DE;49.22999954223633;6.980000019073486
SCQ;Santiago De Compostela;ES;42.900001525878906;-8.539999961853027
SCY;San Cristobal Island;EC;-0.8299999833106995;-89.43000030517578
SDF;Louisville;US;38.25;-85.73999786376953
SDJ;Sendai;JP;38.27000045776367;140.8699951171875
SDL;Sundsvall;SE;62.38999938964844;17.309999465942383
SDQ;Santo Domingo;DO;18.5;-69.9800033569336
SEA;Seattle;US;47.61000061035156;-122.33000183105469
SEZ;Mahe Island;SC;-4.670000076293945;55.52000045776367
SFO;San Francisco;US;37.779998779296875;-122.41999816894531
SFQ;Sanliurfa;TR;37.15999984741211;38.79999923706055
SFT;Skelleftea;SE;64.75;20.950000762939453
SGF;Springfield;US;37.2400016784668;-93.29000091552734
SGN;Ho Chi Minh City;VN;10.819999694824219;106.66000366210938
SGU;St George;US;37.09000015258789;-113.58999633789062
SHA;Shanghai;CN;31.200000762939453;121.47000122070312
SHB;Nakashibetsu;JP;43.56999969482422;144.97000122070312
SHE;Shenyang;CN;41.81999969482422;123.43000030517578
SHF;Shihezi;CN;44.2400016784668;85.88999938964844
SHJ;Sharjah;AE;25.329999923706055;55.38999938964844
SHV;Shreveport;US;32.529998779296875;-93.75
SIA;Xi'an;CN;34.34000015258789;108.94000244140625
SID;Sal Island;CV;16.75;-22.950000762939453
SJC;San Jose;US;37.36000061035156;-121.93000030517578
SJD;San Jose del Cabo;MX;22.90999984741211;-109.93000030517578
SJJ;Sarajevo;BA;43.81999969482422;18.40999984741211
SJO;San Jose;CR;9.949999809265137;-84.08000183105469
SJU;San Juan;PR;18.469999313354492;-66.11000061035156
SKB;St Kitts;KN;17.309999465942383;-62.720001220703125
SKG;Thessaloniki;GR;40.63999938964844;22.969999313354492
SKP;Skopje;MK;41.970001220703125;21.43000030517578
SLC;Salt Lake City;US;40.779998779296875;-111.88999938964844
SLP;San Luis Potosi;MX;22.18000030517578;-100.98999786376953
SLU;St Lucia;LC;13.90999984741211;-60.9900016784668
SMR;Santa Marta;CO;11.239999771118164;-74.2300033569336
SNA;Santa Ana;US;33.75;-117.87000274658203
SNN;Shannon;IE;52.70000076293945;-8.920000076293945
SNU;Santa Clara;CU;22.40999984741211;-79.97000122070312
SOF;Sofia;BG;42.70000076293945;23.31999969482422
SPI;Springfield;US;39.779998779296875;-89.68000030517578
SPK;Sapporo;JP;43.060001373291016;141.35000610351562
SPN;Saipan;MP;15.180000305175781;145.7100067138672
SPU;Split;HR;43.52000045776367;16.440000534057617
SRQ;Sarasota/Bradenton;US;27.34000015258789;-82.55000305175781
SRZ;Santa Cruz;BO;-17.8700008392334;-63.0
SSA;Salvador;BR;-12.970000267028809;-38.5099983215332
SSG;Malabo;GQ;3.75;8.779999732971191
SSH;Sharm el-Sheikh;EG;27.920000076293945;34.33000183105469
STI;Santiago;DO;19.469999313354492;-70.69999694824219
STL;St Louis;US;38.630001068115234;-90.19999694824219
STR;Stuttgart;DE;48.779998779296875;9.210000038146973
STS;Santa Rosa;US;38.439998626708984;-122.70999908447266
STT;St Thomas Island;VI;18.34000015258789;-64.88999938964844
STV;Surat Gujarat;IN;21.200000762939453;72.81999969482422
STW;Stavropol;RU;45.04999923706055;42.0099983215332
SUB;Surabaya;ID;-7.289999961853027;112.72000122070312
SUF;Lamezia Terme;IT;38.959999084472656;16.309999465942383
SUN;Hailey/Sun Valley;US;43.70000076293945;-114.30999755859375
SVG;Stavanger;NO;58.970001220703125;5.730000019073486
SVQ;Sevilla;ES;37.40999984741211;-5.980000019073486
SVX;Yekaterinburg;RU;56.83000183105469;60.599998474121094
SWA;Shantou;CN;23.350000381469727;116.68000030517578
SXB;Strasbourg;FR;48.58000183105469;7.75
SXM;St Maarten;SX;18.040000915527344;-63.04999923706055
SXR;Srinagar;IN;34.08000183105469;74.77999877929688
SYO;Shonai;JP;38.810001373291016;139.89999389648438
SYR;Syracuse;US;43.04999923706055;-76.1500015258789
SYX;Sanya;CN;18.25;109.51000213623047
SYZ;Shiraz;IR;29.6200008392334;52.529998779296875
SZE;Semera;ET;11.5;41.08000183105469
SZF;Samsun;TR;41.279998779296875;36.29999923706055
SZG;Salzburg;AT;47.790000915527344;13.010000228881836
SZZ;Szczecin;PL;53.43000030517578;14.550000190734863
TAE;Daegu;KR;35.880001068115234;128.60000610351562
TAK;Takamatsu;JP;34.34000015258789;134.07000732421875
TAM;Tampico;MX;22.270000457763672;-97.8499984741211
TAO;Qingdao;CN;36.099998474121094;120.37999725341797
TAS;Tashkent;UZ;41.25;69.22000122070312
TBS;Tbilisi;GE;41.66999816894531;44.790000915527344
TBU;Nuku'alofa;TO;-21.1299991607666;-175.1999969482422
TBZ;Tabriz;IR;38.06999969482422;46.29999923706055
TCB;Treasure Cay;BS;26.670000076293945;-77.2699966430664
TCI;Tenerife;ES;28.290000915527344;-16.6299991607666
TCO;Tumaco;CO;1.8200000524520874;-78.7699966430664
TCZ;Tengchong;CN;25.030000686645508;98.47000122070312
TEQ;Tekirdag;TR;40.970001220703125;27.5
TER;Terceira;PT;38.7599983215332;-27.219999313354492
TGD;Podgorica;ME;42.439998626708984;19.25
TGO;Tongliao;CN;43.619998931884766;122.25
TGU;Tegucigalpa;HN;14.0600004196167;-87.22000122070312
THR;Tehran;IR;35.689998626708984;51.41999816894531
TIA;Tirana;AL;41.33000183105469;19.829999923706055
TIF;Taif;SA;21.270000457763672;40.41999816894531
TIR;Tirupati;IN;13.630000114440918;79.41999816894531
TIU;Timaru;NZ;-44.400001525878906;171.22000122070312
TKK;Chuuk;FM;7.360000133514404;151.60000610351562
TKS;Tokushima;JP;34.06999969482422;134.5500030517578
TKU;Turku;FI;60.45000076293945;22.270000457763672
TLH;Tallahassee;US;30.399999618530273;-84.27999877929688
TLL;Tallinn;EE;59.41999816894531;24.75
TLQ;Turpan;CN;43.029998779296875;89.0999984741211
TLS;Toulouse;FR;43.630001068115234;1.440000057220459
TLV;Tel Aviv-Yafo;IL;32.06999969482422;34.779998779296875
TMP;Tampere;FI;61.459999084472656;23.739999771118164
TMS;Sao Tome;ST;0.3799999952316284;6.730000019073486
TMU;Tambor;CR;9.729999542236328;-85.0199966430664
TNA;Jinan;CN;36.650001525878906;117.12000274658203
TNG;Tangier;MA;35.77000045776367;-5.800000190734863
TNH;Tonghua;CN;41.75;125.94999694824219
TNO;Tamarindo;CR;10.300000190734863;-85.83999633789062
TNR;Antananarivo;MG;-18.90999984741211;47.529998779296875
TOS;Tromso;NO;69.68000030517578;18.920000076293945
TOY;Toyama;JP;36.70000076293945;137.19000244140625
TPA;Tampa;US;27.969999313354492;-82.45999908447266
TRD;Trondheim;NO;63.45000076293945;10.399999618530273
TRG;Tauranga;NZ;-37.66999816894531;176.19000244140625
TRN;Turin;IT;45.06999969482422;7.650000095367432
TRS;Trieste;IT;45.650001525878906;13.779999732971191
TRU;Trujillo;PE;-8.09000015258789;-79.02999877929688
TRV;Thiruvananthapuram;IN;8.479999542236328;76.91999816894531
TSE;Astana;KZ;51.16999816894531;71.43000030517578
TSJ;Tsushima;JP;34.41999816894531;129.3300018310547
TSN;Tianjin;CN;39.119998931884766;117.19999694824219
TSR;Timisoara;RO;45.7599983215332;21.239999771118164
TTJ;Tottori;JP;35.529998779296875;134.24000549316406
TTQ;Tortuguero;CR;10.569999694824219;-83.5199966430664
TUL;Tulsa;US;36.150001525878906;-95.98999786376953
TUN;Tunis;TN;36.849998474121094;10.170000076293945
TUO;Taupo;NZ;-38.689998626708984;176.0800018310547
TUS;Tucson;US;32.220001220703125;-110.94999694824219
TVC;Traverse City;US;44.7400016784668;-85.58999633789062
TXN;Huangshan;CN;29.729999542236328;118.30000305175781
TYN;Taiyuan;CN;37.869998931884766;112.55000305175781
TYS;Knoxville;US;35.959999084472656;-83.91999816894531
TZX;Trabzon;TR;41.0;39.720001220703125
UBJ;Ube;JP;33.93000030517578;131.27000427246094
UCB;Ulanqab;CN;41.130001068115234;113.11000061035156
UDR;Udaipur;IN;24.56999969482422;73.69000244140625
UFA;Ufa;RU;54.72999954223633;55.93000030517578
UIO;Quito;EC;-0.2199999988079071;-78.48999786376953
ULN;Ulaanbaatar;MN;47.900001525878906;106.87000274658203
UME;Umea;SE;63.790000915527344;20.280000686645508
URC;Urumqi;CN;43.83000183105469;87.62000274658203
URT;Surat Thani;TH;9.130000114440918;99.31999969482422
USM;Ko Samui;TH;9.550000190734863;100.01000213623047
USN;Ulsan;KR;35.540000915527344;129.35000610351562
UUS;Yuzhno-Sakhalinsk;RU;46.970001220703125;142.75
UYN;Yulin;CN;38.290000915527344;109.7300033569336
VAA;Vaasa;FI;63.099998474121094;21.6200008392334
VAN;Van;TR;38.459999084472656;43.40999984741211
VAR;Varna;BG;43.22999954223633;27.90999984741211
VAS;Sivas;TR;39.75;37.02000045776367
VBY;Visby;SE;57.65999984741211;18.290000915527344
VCE;Venice;IT;45.439998626708984;12.350000381469727
VER;Veracruz;MX;19.149999618530273;-96.12999725341797
VFA;Victoria Falls;ZW;-17.93000030517578;25.84000015258789
VGA;Vijayawada;IN;16.530000686645508;80.6500015258789
VGO;Vigo;ES;42.22999954223633;-8.680000305175781
VLC;Valencia;ES;39.470001220703125;-0.3799999952316284
VLN;Valencia;VE;10.180000305175781;-68.0
VNO;Vilnius;LT;54.689998626708984;25.280000686645508
VNS;Varanasi;IN;25.31999969482422;82.97000122070312
VOL;Volos;GR;39.380001068115234;22.93000030517578
VOZ;Voronezh;RU;51.66999816894531;39.220001220703125
VPS;Fort Walton Beach;US;30.510000228881836;-86.5
VRA;Varadero;CU;23.170000076293945;-81.19000244140625
VRN;Verona;IT;45.470001220703125;10.989999771118164
VSA;Villahermosa;MX;17.969999313354492;-92.93000030517578
VTE;Vientiane;LA;17.979999542236328;102.56999969482422
VTZ;Vishakhapatnam;IN;17.719999313354492;83.22000122070312
VUP;Valledupar;CO;10.4399995803833;-73.25
VVC;Villavicencio;CO;4.150000095367432;-73.62999725341797
VXE;Sao Vicente Island;CV;16.850000381469727;-24.969999313354492
WAS;Washington;US;38.900001525878906;-77.02999877929688
WDH;Windhoek;NA;-22.559999465942383;17.079999923706055
WEH;Weihai;CN;37.5;122.08000183105469
WKJ;Wakkanai;JP;45.41999816894531;141.6699981689453
WLG;Wellington;NZ;-41.31999969482422;174.8000030517578
WNZ;Wenzhou;CN;27.989999771118164;120.69999694824219
WRE;Whangarei;NZ;-35.77000045776367;174.36000061035156
WRO;Wroclaw;PL;51.099998474121094;17.040000915527344
WUA;Wuhai;CN;39.650001525878906;106.79000091552734
WUH;Wuhan;CN;30.59000015258789;114.31999969482422
WUX;Wuxi;CN;31.489999771118164;120.31999969482422
WXN;Wanzhou;CN;30.809999465942383;108.41000366210938
XAP;Chapeco;BR;-27.09000015258789;-52.630001068115234
XFN;Xiangyang;CN;32.04999923706055;112.12000274658203
XIC;Xichang;CN;27.889999389648438;102.26000213623047
XIL;Xilinhot;CN;43.970001220703125;116.06999969482422
XMN;Xiamen;CN;24.469999313354492;118.12000274658203
XNN;Xining;CN;36.619998931884766;101.75
XQP;Quepos;CR;9.449999809265137;-84.1500015258789
XRY;Jerez;ES;36.689998626708984;-6.130000114440918
YAM;Sault Ste. Marie;CA;46.47999954223633;-84.3499984741211
YAO;Yaounde;CM;3.8299999237060547;11.520000457763672
YAP;Yap;FM;9.539999961853027;138.1300048828125
YBC;Baie Comeau;CA;49.20000076293945;-68.1500015258789
YBG;Bagotville;CA;48.31999969482422;-70.88999938964844
YBL;Campbell River;CA;50.029998779296875;-125.2699966430664
YBP;Yibin;CN;28.75;104.63999938964844
YCD;Nanaimo;CA;49.16999816894531;-123.94000244140625
YCG;Castlegar;CA;49.29999923706055;-117.62999725341797
YCU;Yuncheng;CN;35.029998779296875;111.02999877929688
YDF;Deer Lake;CA;49.220001220703125;-57.400001525878906
YEA;Edmonton;CA;53.540000915527344;-113.48999786376953
YEI;Bursa;TR;40.22999954223633;29.059999465942383
YFC;Fredericton;CA;45.959999084472656;-66.63999938964844
YGJ;Yonago;JP;35.43000030517578;133.3300018310547
YGK;Kingston;CA;44.220001220703125;-76.48999786376953
YGP;Gaspe;CA;48.83000183105469;-64.4800033569336
YGR;Iles de La Madeleine;CA;47.369998931884766;-61.900001525878906
YHZ;Halifax;CA;44.650001525878906;-63.58000183105469
YIC;Yichun (Jiangxi);CN;27.799999237060547;114.41999816894531
YIH;Yichang;CN;30.700000762939453;111.29000091552734
YIN;Yining;CN;43.97999954223633;81.52999877929688
YIW;Yiwu;CN;29.270000457763672;120.05000305175781
YKA;Kamloops;CA;50.70000076293945;-120.33000183105469
YKO;Hakkari Yuksekova;TR;37.56999969482422;44.279998779296875
YLW;Kelowna;CA;49.880001068115234;-119.4800033569336
YMM;Fort McMurray;CA;56.72999954223633;-111.37999725341797
YMQ;Montreal;CA;45.5099983215332;-73.55000305175781
YNB;Yanbu al Bahr;SA;24.1200008392334;38.06999969482422
YNJ;Yanji;CN;42.90999984741211;129.5
YNT;Yantai;CN;37.459999084472656;121.44999694824219
YNZ;Yancheng;CN;33.38999938964844;120.12999725341797
YOW;Ottawa;CA;45.45000076293945;-75.69999694824219
YPR;Prince Rupert;CA;54.290000915527344;-130.32000732421875
YQB;Quebec;CA;46.790000915527344;-71.23999786376953
YQF;Red Deer;CA;52.27000045776367;-113.80999755859375
YQG;Windsor;CA;42.27000045776367;-82.95999908447266
YQL;Lethbridge;CA;49.689998626708984;-112.83999633789062
YQM;Moncton;CA;46.119998931884766;-64.77999877929688
YQQ;Comox;CA;49.720001220703125;-124.88999938964844
YQR;Regina;CA;50.43000030517578;-104.6500015258789
YQT;Thunder Bay;CA;48.380001068115234;-89.25
YQU;Grande Prairie;CA;55.18000030517578;-118.80000305175781
YQX;Gander;CA;48.95000076293945;-54.560001373291016
YQY;Sydney;CA;46.16999816894531;-60.189998626708984
YQZ;Quesnel;CA;53.029998779296875;-122.51000213623047
YSB;Sudbury;CA;46.4900016784668;-81.01000213623047
YSJ;Saint John;CA;45.31999969482422;-66.05999755859375
YTM;Mont Tremblant;CA;46.209999084472656;-74.58999633789062
YTS;Timmins;CA;48.47999954223633;-81.37000274658203
YTY;Yangzhou;CN;32.38999938964844;119.41000366210938
YUY;Rouyn-Noranda;CA;48.209999084472656;-79.0199966430664
YVA;Moroni;KM;-11.069999694824219;43.2599983215332
YVO;Val d'Or;CA;48.04999923706055;-77.77999877929688
YVR;Vancouver;CA;49.2599983215332;-123.11000061035156
YWG;Winnipeg;CA;49.900001525878906;-97.13999938964844
YWK;Wabush;CA;52.95000076293945;-66.9000015258789
YWL;Williams Lake;CA;52.18000030517578;-122.13999938964844
YXC;Cranbrook;CA;49.529998779296875;-115.7699966430664
YXE;Saskatoon;CA;52.16999816894531;-106.68000030517578
YXH;Medicine Hat;CA;50.02000045776367;-110.72000122070312
YXJ;Fort St. John;CA;56.22999954223633;-120.8499984741211
YXS;Prince George;CA;53.88999938964844;-122.75
YXT;Terrace;CA;54.52000045776367;-128.57000732421875
YXU;London;CA;42.9900016784668;-81.23999786376953
YXX;Abbotsford;CA;49.029998779296875;-122.36000061035156
YXY;Whitehorse;CA;60.720001220703125;-135.07000732421875
YYB;North Bay;CA;46.310001373291016;-79.41999816894531
YYC;Calgary;CA;51.04999923706055;-114.0199966430664
YYD;Smithers;CA;54.83000183105469;-127.18000030517578
YYF;Penticton;CA;49.459999084472656;-119.5999984741211
YYG;Charlottetown;CA;46.290000915527344;-63.130001068115234
YYJ;Victoria;CA;48.43000030517578;-123.37000274658203
YYR;Goose Bay;CA;53.31999969482422;-60.33000183105469
YYT;St John's;CA;47.560001373291016;-52.75
YYY;Mont Joli;CA;48.599998474121094;-68.19999694824219
YZF;Yellowknife;CA;62.470001220703125;-114.37000274658203
YZP;Sandspit;CA;53.25;-131.80999755859375
YZR;Sarnia;CA;43.0;-82.41000366210938
YZV;Sept-Iles;CA;50.20000076293945;-66.37999725341797
ZAD;Zadar;HR;44.099998474121094;15.229999542236328
ZAT;Zhaotong;CN;27.31999969482422;103.72000122070312
ZBF;Bathurst;CA;47.630001068115234;-65.6500015258789
ZHA;Zhanjiang;CN;21.270000457763672;110.36000061035156
ZIH;Ixtapa/Zihuatanejo;MX;17.639999389648438;-101.55999755859375
ZLO;Manzanillo;MX;19.049999237060547;-104.3499984741211
ZNZ;Zanzibar;TZ;-6.170000076293945;39.220001220703125
ZQN;Queenstown;NZ;-45.02000045776367;168.66000366210938
ZSA;San Salvador;BS;24.059999465942383;-74.4800033569336
ZTH;Zakinthos Island;GR;37.7599983215332;20.780000686645508
ZUH;Zhuhai;CN;22.25;113.58000183105469
ZYI;Zunyi;CN;27.729999542236328;106.93000030517578
